{
  "val_best_f1": 0.9691837331771093,
  "test_loss": 0.13327975484772006,
  "test_acc": 0.9637681159420289,
  "test_macro_f1": 0.9625757427259226,
  "weights": "vit_best.pt"
}